CLiMIS_FAO_UNICEF_WFP_South_Sudan_IPC_Jun-16,2804,2808,2016-XX-XX
CLiMIS_FAO_UNICEF_WFP_South_Sudan_IPC_Jun-16,3209,3213,2016-XX-XX
Enhancing_Food_Security_in_South_Sudan_Nov-15,191,195,2015-XX-XX
Enhancing_Food_Security_in_South_Sudan_Nov-15,565,569,2012-XX-XX
Enhancing_Food_Security_in_South_Sudan_Nov-15,627,631,2014-XX-XX
Enhancing_Food_Security_in_South_Sudan_Nov-15,1056,1060,2011-XX-XX
Enhancing_Food_Security_in_South_Sudan_Nov-15,1264,1268,2013-XX-XX
Enhancing_Food_Security_in_South_Sudan_Nov-15,1485,1489,2013-XX-XX
Enhancing_Food_Security_in_South_Sudan_Nov-15,2289,2293,2011-XX-XX
Enhancing_Food_Security_in_South_Sudan_Nov-15,2982,2986,2013-XX-XX
Enhancing_Food_Security_in_South_Sudan_Nov-15,3617,3621,2012-XX-XX
Enhancing_Food_Security_in_South_Sudan_Nov-15,3641,3645,2012-XX-XX
Enhancing_Food_Security_in_South_Sudan_Nov-15,4047,4051,2015-XX-XX
Enhancing_Food_Security_in_South_Sudan_Nov-15,4086,4090,2014-XX-XX
Enhancing_Food_Security_in_South_Sudan_Nov-15,4270,4274,2015-XX-XX
Ethiopia_Food_Security_Outlook_1-Feb-17,998,1002,2017-XX-XX
Ethiopia_Food_Security_Outlook_1-Feb-17,4344,4348,2015-XX-XX
Ethiopia_Food_Security_Outlook_1-Feb-17,4489,4493,2015-XX-XX
Ethiopia_Food_Security_Outlook_1-Feb-17,7992,7996,2017-XX-XX
Ethiopia_Food_Security_Outlook_1-Feb-17,10577,10581,2017-XX-XX
Ethiopia_Food_Security_Outlook_1-Feb-17,12092,12096,2016-XX-XX
Ethiopia_Food_Security_Outlook_1-Feb-17,13703,13707,2016-XX-XX
Ethiopia_Food_Security_Outlook_1-Feb-17,14085,14089,2015-XX-XX
Ethiopia_Food_Security_Outlook_1-Feb-17,14755,14759,2016-XX-XX
Ethiopia_Food_Security_Outlook_1-Feb-17,15299,15303,2015-XX-XX
Ethiopia_Food_Security_Outlook_1-Feb-17,17447,17451,2016-XX-XX
Ethiopia_Food_Security_Outlook_1-Feb-17,34650,34654,2017-XX-XX
Ethiopia_Food_Security_Outlook_1-Feb-17,35556,35560,2017-XX-XX
Ethiopia_Food_Security_Outlook_1-Feb-17,5965,5977,2016-01-XX
Ethiopia_Food_Security_Outlook_1-Feb-17,6128,6140,2016-01-XX
Ethiopia_Food_Security_Outlook_1-Feb-17,6441,6453,2017-01-XX
Ethiopia_Food_Security_Outlook_1-Feb-17,7669,7681,2016-10-XX
Ethiopia_Food_Security_Outlook_1-Feb-17,7686,7698,2017-01-XX
Ethiopia_Food_Security_Outlook_1-Feb-17,11788,11800,2017-10-XX
Ethiopia_Food_Security_Outlook_1-Feb-17,16909,16922,2016-12-XX
Ethiopia_Food_Security_Outlook_1-Feb-17,16965,16978,2016-11-XX
Ethiopia_Food_Security_Outlook_1-Feb-17,17125,17138,2016-12-XX
Ethiopia_Food_Security_Outlook_1-Feb-17,24254,24267,2017-02-XX
Ethiopia_Food_Security_Outlook_1-Feb-17,24815,24827,2017-01-XX
Ethiopia_Food_Security_Outlook_1-Feb-17,25081,25093,2017-01-XX
Ethiopia_Food_Security_Outlook_1-Feb-17,25246,25258,2017-01-XX
Ethiopia_Food_Security_Outlook_1-Feb-17,25953,25965,2017-10-XX
Ethiopia_Food_Security_Outlook_1-Feb-17,28837,28849,2017-01-XX
Ethiopia_Food_Security_Outlook_1-Feb-17,28865,28877,2016-01-XX
Ethiopia_Food_Security_Outlook_1-Feb-17,28989,29001,2016-01-XX
Ethiopia_Food_Security_Outlook_1-Feb-17,32114,32127,2017-02-XX
Ethiopia_Food_Security_Outlook_1-Feb-17,32390,32402,2017-01-XX
Ethiopia_Food_Security_Outlook_1-Feb-17,32730,32742,2017-01-XX
Ethiopia_Food_Security_Outlook_1-Feb-17,33121,33134,2016-12-XX
Ethiopia_Food_Security_Outlook_1-Feb-17,34589,34598,2016-06-XX
Ethiopia_Food_Security_Outlook_1-Feb-17,8360,8374,2017-09-XX
Ethiopia_Food_Security_Outlook_1-Feb-17,13775,13805,2015-XX-XX
FAO_GIEWS_South_Sudan_Country_Brief_Sep-17,2657,2661,2016-XX-XX
FAO_GIEWS_South_Sudan_Country_Brief_Sep-17,80,93,2017-02-XX
FAO_GIEWS_South_Sudan_Country_Brief_Sep-17,2187,2191,2017-XX-XX
FEWS_NET_South_Sudan_Famine_Risk_Alert_Jan-17,1295,1299,2016-XX-XX
FEWS_NET_South_Sudan_Famine_Risk_Alert_Jan-17,3689,3693,2017-XX-XX
FEWS_NET_South_Sudan_Famine_Risk_Alert_Jan-17,806,815,2016-07-XX
FEWS_NET_South_Sudan_Famine_Risk_Alert_Jan-17,2040,2161,2015-XX-XX
FEWS_NET_South_Sudan_Famine_Risk_Alert_Jan-17,2193,2206,2013-11-XX
FFP_Fact_Sheet_South_Sudan_Jan-18,1149,1161,2017-01-XX
FFP_Fact_Sheet_South_Sudan_Jan-18,1969,1976,2017-XX-XX
FFP_Fact_Sheet_South_Sudan_Jan-18,350,382,2017-XX-XX
Food_Assistance_Outlook_Brief_1-Jan-18,1151,1155,2017-XX-XX
Food_Assistance_Outlook_Brief_1-Jan-18,221,230,2018-07-XX
Food_Assistance_Outlook_Brief_1-Jan-18,1713,1722,2017-XX-XX
Price_Watch_28-Feb-18,3666,3670,2018-XX-XX
Price_Watch_28-Feb-18,5475,5479,2017-XX-XX
Price_Watch_28-Feb-18,10119,10123,2017-XX-XX
Price_Watch_28-Feb-18,10627,10631,2017-XX-XX
Price_Watch_28-Feb-18,11885,11889,2018-XX-XX
Price_Watch_28-Feb-18,12207,12211,2018-XX-XX
Price_Watch_28-Feb-18,13722,13726,2017-XX-XX
Price_Watch_28-Feb-18,16237,16241,2016-XX-XX
Price_Watch_28-Feb-18,16502,16506,2017-XX-XX
Price_Watch_28-Feb-18,16780,16784,2017-XX-XX
Price_Watch_28-Feb-18,17540,17544,2017-XX-XX
Price_Watch_28-Feb-18,10838,10851,2017-11-XX
Price_Watch_28-Feb-18,16955,16967,2017-01-XX
Price_Watch_28-Feb-18,17049,17061,2017-01-XX
South_Sudanese_Risk_Facing_Famine_Jan-18,958,971,2017-12-XX
South_Sudanese_Risk_Facing_Famine_Jan-18,1244,1257,2013-12-XX
South_Sudan_Humanitarian_Response_Plan_Jan-18,95,99,2018-XX-XX
South_Sudan_Humanitarian_Response_Plan_Jan-18,1091,1095,2018-XX-XX
South_Sudan_Humanitarian_Response_Plan_Jan-18,2146,2150,2017-XX-XX
South_Sudan_Humanitarian_Response_Plan_Jan-18,2178,2182,2018-XX-XX
South_Sudan_Humanitarian_Response_Plan_Jan-18,2580,2584,2018-XX-XX
South_Sudan_Humanitarian_Response_Plan_Jan-18,1028,1041,2017-02-XX
TECHNICAL_BRIEF_(RE)ASSESSING_THE_RELATIONSHIP_BETWEEN_FOOD_AID_AND_ARMED_CONFLICT_Oct-14,695,699,2014-XX-XX
TECHNICAL_BRIEF_(RE)ASSESSING_THE_RELATIONSHIP_BETWEEN_FOOD_AID_AND_ARMED_CONFLICT_Oct-14,8251,8255,1975-XX-XX
TECHNICAL_BRIEF_(RE)ASSESSING_THE_RELATIONSHIP_BETWEEN_FOOD_AID_AND_ARMED_CONFLICT_Oct-14,8271,8275,2005-XX-XX
TECHNICAL_BRIEF_(RE)ASSESSING_THE_RELATIONSHIP_BETWEEN_FOOD_AID_AND_ARMED_CONFLICT_Oct-14,8284,8288,2009-XX-XX
TECHNICAL_BRIEF_(RE)ASSESSING_THE_RELATIONSHIP_BETWEEN_FOOD_AID_AND_ARMED_CONFLICT_Oct-14,8298,8302,2011-XX-XX
TECHNICAL_BRIEF_(RE)ASSESSING_THE_RELATIONSHIP_BETWEEN_FOOD_AID_AND_ARMED_CONFLICT_Oct-14,9620,9624,2004-XX-XX
TECHNICAL_BRIEF_(RE)ASSESSING_THE_RELATIONSHIP_BETWEEN_FOOD_AID_AND_ARMED_CONFLICT_Oct-14,9642,9646,2008-XX-XX
TECHNICAL_BRIEF_(RE)ASSESSING_THE_RELATIONSHIP_BETWEEN_FOOD_AID_AND_ARMED_CONFLICT_Oct-14,9784,9788,2008-XX-XX
TECHNICAL_BRIEF_(RE)ASSESSING_THE_RELATIONSHIP_BETWEEN_FOOD_AID_AND_ARMED_CONFLICT_Oct-14,10259,10263,1970-XX-XX
TECHNICAL_BRIEF_(RE)ASSESSING_THE_RELATIONSHIP_BETWEEN_FOOD_AID_AND_ARMED_CONFLICT_Oct-14,10280,10284,2007-XX-XX
TECHNICAL_BRIEF_(RE)ASSESSING_THE_RELATIONSHIP_BETWEEN_FOOD_AID_AND_ARMED_CONFLICT_Oct-14,10303,10307,2007-XX-XX
TECHNICAL_BRIEF_(RE)ASSESSING_THE_RELATIONSHIP_BETWEEN_FOOD_AID_AND_ARMED_CONFLICT_Oct-14,10502,10506,2010-XX-XX
TECHNICAL_BRIEF_(RE)ASSESSING_THE_RELATIONSHIP_BETWEEN_FOOD_AID_AND_ARMED_CONFLICT_Oct-14,10780,10784,2009-XX-XX
TECHNICAL_BRIEF_(RE)ASSESSING_THE_RELATIONSHIP_BETWEEN_FOOD_AID_AND_ARMED_CONFLICT_Oct-14,10796,10800,2011-XX-XX
TECHNICAL_BRIEF_(RE)ASSESSING_THE_RELATIONSHIP_BETWEEN_FOOD_AID_AND_ARMED_CONFLICT_Oct-14,11176,11180,2004-XX-XX
TECHNICAL_BRIEF_(RE)ASSESSING_THE_RELATIONSHIP_BETWEEN_FOOD_AID_AND_ARMED_CONFLICT_Oct-14,11182,11186,2009-XX-XX
TECHNICAL_BRIEF_(RE)ASSESSING_THE_RELATIONSHIP_BETWEEN_FOOD_AID_AND_ARMED_CONFLICT_Oct-14,11198,11202,2012-XX-XX
TECHNICAL_BRIEF_(RE)ASSESSING_THE_RELATIONSHIP_BETWEEN_FOOD_AID_AND_ARMED_CONFLICT_Oct-14,12243,12247,1975-XX-XX
TECHNICAL_BRIEF_(RE)ASSESSING_THE_RELATIONSHIP_BETWEEN_FOOD_AID_AND_ARMED_CONFLICT_Oct-14,20009,20013,2010-XX-XX
TECHNICAL_BRIEF_(RE)ASSESSING_THE_RELATIONSHIP_BETWEEN_FOOD_AID_AND_ARMED_CONFLICT_Oct-14,20082,20086,2010-XX-XX
TECHNICAL_BRIEF_(RE)ASSESSING_THE_RELATIONSHIP_BETWEEN_FOOD_AID_AND_ARMED_CONFLICT_Oct-14,20376,20380,2012-XX-XX
UNICEF_ETHIOPIA_HUMANITARIAN_SITUATION_REPORT_Apr-17,3,7,2017-XX-XX
UNICEF_ETHIOPIA_HUMANITARIAN_SITUATION_REPORT_Apr-17,1631,1635,2017-XX-XX
UNICEF_ETHIOPIA_HUMANITARIAN_SITUATION_REPORT_Apr-17,1728,1732,2017-XX-XX
UNICEF_ETHIOPIA_HUMANITARIAN_SITUATION_REPORT_Apr-17,7995,7999,2017-XX-XX
UNICEF_ETHIOPIA_HUMANITARIAN_SITUATION_REPORT_Apr-17,766,776,2017-03-XX
UNICEF_ETHIOPIA_HUMANITARIAN_SITUATION_REPORT_Apr-17,2738,2748,2017-03-XX
UNICEF_ETHIOPIA_HUMANITARIAN_SITUATION_REPORT_Apr-17,2861,2874,2017-02-XX
UNICEF_ETHIOPIA_HUMANITARIAN_SITUATION_REPORT_Apr-17,3013,3025,2016-10-XX
UNICEF_ETHIOPIA_HUMANITARIAN_SITUATION_REPORT_Apr-17,5810,5823,2016-12-XX
UNICEF_ETHIOPIA_HUMANITARIAN_SITUATION_REPORT_Apr-17,5836,5848,2017-01-XX
UNICEF_ETHIOPIA_HUMANITARIAN_SITUATION_REPORT_Apr-17,5871,5884,2017-02-XX
UNICEF_ETHIOPIA_HUMANITARIAN_SITUATION_REPORT_Apr-17,16892,16905,2017-02-XX
WFP_Ethiopia_Drought_Emergency_Situation_Report_5_Jul-17,582,586,2017-XX-XX
